image_name,box_index,xtl,ytl,xbr,ybr,occlusion_level
cam08__frame_00000.jpg,0,476.0,0.0,578.28,124.29,low
cam08__frame_00000.jpg,1,580.93,23.79,620.59,138.39,medium
cam08__frame_00000.jpg,2,582.69,0.87,640.0,33.49,high
cam08__frame_00000.jpg,3,558.01,0.87,585.33,16.74,high
cam08__frame_00000.jpg,4,461.9,113.71,573.0,257.4,low
cam08__frame_00000.jpg,5,455.75,253.0,570.3,358.78,low
cam08__frame_00000.jpg,6,554.36,183.1,597.79,322.88,high
cam08__frame_00000.jpg,7,444.29,320.87,503.35,421.37,medium
cam08__frame_00000.jpg,8,431.06,394.04,483.96,485.72,medium
cam08__frame_00000.jpg,9,405.3,312.76,442.21,418.12,high
cam08__frame_00000.jpg,10,543.0,377.29,586.21,439.88,low
cam08__frame_00000.jpg,11,530.7,423.13,582.69,541.26,low
cam08__frame_00000.jpg,12,591.5,370.24,611.8,442.52,medium
cam08__frame_00000.jpg,13,580.9,447.81,609.13,505.99,low
cam08__frame_00000.jpg,14,415.2,104.89,446.93,163.95,high
cam08__frame_00000.jpg,15,419.6,171.89,452.22,238.01,high
cam08__frame_00000.jpg,16,419.6,270.62,446.93,313.82,high
cam08__frame_00000.jpg,17,578.36,204.4,640.0,318.3,high
cam08__frame_00000.jpg,18,595.8,162.6,640.0,207.58,high
cam08__frame_00000.jpg,19,376.41,431.94,432.83,508.64,low
cam08__frame_00000.jpg,20,376.41,504.23,431.06,545.66,medium
cam08__frame_00000.jpg,21,372.88,539.49,431.06,572.99,medium
cam08__frame_00000.jpg,22,372.88,572.99,424.01,601.2,medium
cam08__frame_00000.jpg,23,373.76,599.44,429.3,619.71,high
cam08__frame_00000.jpg,24,371.12,397.56,416.96,435.47,medium
cam08__frame_00000.jpg,25,356.9,463.68,374.9,489.24,high
cam08__frame_00000.jpg,26,357.0,489.25,374.64,520.1,high
cam08__frame_00000.jpg,27,360.7,520.82,370.99,556.83,high
cam08__frame_00000.jpg,28,360.7,556.46,370.99,592.1,high
cam08__frame_00000.jpg,29,359.96,355.1,408.9,396.6,high
cam08__frame_00000.jpg,30,357.76,396.27,367.31,419.78,low
cam08__frame_00000.jpg,31,377.82,598.56,436.88,640.0,medium
cam08__frame_00000.jpg,32,357.14,33.33,391.43,98.86,medium
cam08__frame_00000.jpg,33,353.3,94.28,398.28,144.57,medium
cam08__frame_00000.jpg,34,352.57,152.95,388.38,210.09,medium
cam08__frame_00000.jpg,35,354.9,206.28,401.33,274.85,low
cam08__frame_00000.jpg,36,389.9,166.66,410.47,231.43,high
cam08__frame_00000.jpg,37,398.28,66.09,418.09,143.81,high
cam08__frame_00000.jpg,38,352.57,276.38,374.66,287.04,medium
cam08__frame_00000.jpg,39,351.35,303.6,372.3,315.05,medium
cam08__frame_00000.jpg,40,352.19,288.92,373.07,299.55,medium
cam08__frame_00000.jpg,41,350.7,318.4,370.71,330.23,medium
cam08__frame_00000.jpg,42,350.61,333.45,371.9,346.59,medium
cam08__frame_00000.jpg,43,375.81,307.9,394.74,318.42,medium
cam08__frame_00000.jpg,44,373.93,322.34,392.71,334.07,medium
cam08__frame_00000.jpg,45,352.18,349.88,371.27,361.14,low
cam08__frame_00000.jpg,46,374.17,337.5,402.07,356.97,high
cam08__frame_00000.jpg,47,22.13,426.96,166.98,640.0,low
cam08__frame_00000.jpg,48,3.2,380.71,47.35,505.01,high
cam08__frame_00000.jpg,49,0.51,511.32,50.86,637.42,high
cam08__frame_00000.jpg,50,133.8,364.5,200.38,544.64,medium
cam08__frame_00000.jpg,51,38.2,278.02,136.52,428.45,medium
cam08__frame_00000.jpg,52,162.55,542.84,195.88,607.69,high
cam08__frame_00000.jpg,53,197.77,573.47,217.59,634.72,high
cam08__frame_00000.jpg,54,95.9,171.7,180.56,277.12,medium
cam08__frame_00000.jpg,55,137.33,278.03,180.57,347.38,high
cam08__frame_00000.jpg,56,191.1,286.79,217.23,375.25,high
cam08__frame_00000.jpg,57,198.1,377.26,224.27,414.96,low
cam08__frame_00000.jpg,58,203.16,413.45,222.76,444.61,high
cam08__frame_00000.jpg,59,204.2,442.6,225.28,474.76,low
cam08__frame_00000.jpg,60,199.01,521.16,219.19,570.95,high
cam08__frame_00000.jpg,61,146.7,141.9,194.97,214.27,medium
cam08__frame_00000.jpg,62,190.45,136.87,206.03,202.21,high
cam08__frame_00000.jpg,63,200.0,228.34,228.6,252.97,high
cam08__frame_00000.jpg,64,197.99,252.47,229.15,273.58,high
cam08__frame_00000.jpg,65,216.58,284.63,228.64,304.23,high
cam08__frame_00000.jpg,66,216.58,304.74,226.63,327.86,high
cam08__frame_00000.jpg,67,218.09,325.34,227.14,343.44,high
cam08__frame_00000.jpg,68,155.54,116.98,205.87,137.63,high
cam08__frame_00000.jpg,69,178.06,69.7,202.1,118.11,high
cam08__frame_00000.jpg,70,217.8,171.6,234.42,199.29,high
cam08__frame_00000.jpg,71,0.0,50.69,100.57,281.13,low
cam08__frame_00000.jpg,72,355.55,419.64,375.43,461.78,high
cam08__frame_00003.jpg,0,476.0,0.0,578.28,124.29,low
cam08__frame_00003.jpg,1,580.93,23.79,620.59,138.39,medium
cam08__frame_00003.jpg,2,558.01,0.87,585.33,16.74,high
cam08__frame_00003.jpg,3,582.69,0.87,640.0,33.49,high
cam08__frame_00003.jpg,4,595.8,162.6,640.0,207.58,high
cam08__frame_00003.jpg,5,461.9,113.71,573.0,257.4,low
cam08__frame_00003.jpg,6,554.36,183.1,597.79,322.88,high
cam08__frame_00003.jpg,7,578.36,204.4,640.0,318.3,high
cam08__frame_00003.jpg,8,455.75,253.0,570.3,358.78,low
cam08__frame_00003.jpg,9,415.2,104.89,446.93,163.95,high
cam08__frame_00003.jpg,10,419.6,171.89,452.22,238.01,high
cam08__frame_00003.jpg,11,357.14,33.33,391.43,98.86,medium
cam08__frame_00003.jpg,12,353.3,94.28,398.28,144.57,medium
cam08__frame_00003.jpg,13,398.28,66.09,418.09,143.81,high
cam08__frame_00003.jpg,14,352.57,152.95,388.38,210.09,medium
cam08__frame_00003.jpg,15,389.9,166.66,410.47,231.43,high
cam08__frame_00003.jpg,16,354.9,206.28,401.33,274.85,low
cam08__frame_00003.jpg,17,591.5,370.24,611.8,442.52,medium
cam08__frame_00003.jpg,18,580.9,447.81,609.13,505.99,low
cam08__frame_00003.jpg,19,543.0,377.29,586.21,439.88,low
cam08__frame_00003.jpg,20,530.7,423.13,582.69,541.26,low
cam08__frame_00003.jpg,21,419.6,270.62,446.93,313.82,high
cam08__frame_00003.jpg,22,405.3,312.76,442.21,418.12,high
cam08__frame_00003.jpg,23,444.29,320.87,503.35,421.37,medium
cam08__frame_00003.jpg,24,431.06,394.04,483.96,485.72,medium
cam08__frame_00003.jpg,25,377.82,598.56,436.88,640.0,medium
cam08__frame_00003.jpg,26,372.88,572.99,424.01,601.2,medium
cam08__frame_00003.jpg,27,372.88,539.49,431.06,572.99,medium
cam08__frame_00003.jpg,28,376.41,504.23,431.06,545.66,medium
cam08__frame_00003.jpg,29,376.41,431.94,432.83,508.64,low
cam08__frame_00003.jpg,30,371.12,397.56,416.96,435.47,medium
cam08__frame_00003.jpg,31,362.6,355.1,408.9,396.6,high
cam08__frame_00003.jpg,32,360.7,556.46,370.99,592.1,high
cam08__frame_00003.jpg,33,360.7,520.82,370.99,556.83,high
cam08__frame_00003.jpg,34,356.9,463.68,374.9,489.24,high
cam08__frame_00003.jpg,35,355.55,419.64,375.43,461.78,medium
cam08__frame_00003.jpg,36,361.3,396.27,367.31,419.78,low
cam08__frame_00003.jpg,37,357.0,489.25,374.64,520.1,high
cam08__frame_00003.jpg,38,352.57,276.38,374.66,287.04,medium
cam08__frame_00003.jpg,39,352.19,288.92,373.07,299.55,medium
cam08__frame_00003.jpg,40,351.35,303.6,372.3,315.05,medium
cam08__frame_00003.jpg,41,350.7,318.4,370.71,330.23,medium
cam08__frame_00003.jpg,42,359.3,333.45,371.9,346.59,high
cam08__frame_00003.jpg,43,361.7,342.8,371.27,361.14,high
cam08__frame_00003.jpg,44,375.81,307.9,394.74,318.42,medium
cam08__frame_00003.jpg,45,373.93,322.34,392.71,334.07,medium
cam08__frame_00003.jpg,46,374.17,337.5,402.07,356.97,high
cam08__frame_00003.jpg,47,0.0,50.69,100.57,281.13,low
cam08__frame_00003.jpg,48,178.06,69.7,202.1,118.11,high
cam08__frame_00003.jpg,49,155.54,116.98,205.87,137.63,high
cam08__frame_00003.jpg,50,190.45,136.87,206.03,202.21,high
cam08__frame_00003.jpg,51,146.7,141.9,194.97,214.27,medium
cam08__frame_00003.jpg,52,217.8,171.6,234.42,199.29,high
cam08__frame_00003.jpg,53,95.9,171.7,180.56,277.12,medium
cam08__frame_00003.jpg,54,200.0,228.34,228.6,252.97,high
cam08__frame_00003.jpg,55,197.99,252.47,229.15,273.58,high
cam08__frame_00003.jpg,56,137.33,278.03,180.57,347.38,high
cam08__frame_00003.jpg,57,191.1,286.79,217.23,375.25,high
cam08__frame_00003.jpg,58,216.58,284.63,228.64,304.23,high
cam08__frame_00003.jpg,59,216.58,304.74,226.63,327.86,high
cam08__frame_00003.jpg,60,218.09,325.34,227.14,343.44,high
cam08__frame_00003.jpg,61,198.1,377.26,224.27,414.96,low
cam08__frame_00003.jpg,62,203.16,413.45,222.76,444.61,high
cam08__frame_00003.jpg,63,204.2,442.6,225.28,474.76,low
cam08__frame_00003.jpg,64,38.2,278.02,136.52,428.45,medium
cam08__frame_00003.jpg,65,3.2,380.71,47.35,505.01,high
cam08__frame_00003.jpg,66,22.13,426.96,166.98,640.0,low
cam08__frame_00003.jpg,67,133.8,364.5,200.38,544.64,medium
cam08__frame_00003.jpg,68,162.55,542.84,195.88,607.69,high
cam08__frame_00003.jpg,69,199.01,521.16,219.19,570.95,high
cam08__frame_00003.jpg,70,197.77,573.47,217.59,634.72,high
cam08__frame_00006.jpg,0,476.0,0.0,578.28,124.29,low
cam08__frame_00006.jpg,1,580.93,23.79,620.59,138.39,medium
cam08__frame_00006.jpg,2,558.01,0.87,585.33,16.74,high
cam08__frame_00006.jpg,3,582.69,0.87,640.0,33.49,high
cam08__frame_00006.jpg,4,595.8,162.6,640.0,207.58,high
cam08__frame_00006.jpg,5,461.9,113.71,573.0,257.4,low
cam08__frame_00006.jpg,6,554.36,183.1,597.79,322.88,high
cam08__frame_00006.jpg,7,578.36,204.4,640.0,318.3,high
cam08__frame_00006.jpg,8,455.75,253.0,570.3,358.78,low
cam08__frame_00006.jpg,9,415.2,104.89,446.93,163.95,high
cam08__frame_00006.jpg,10,419.6,171.89,452.22,238.01,high
cam08__frame_00006.jpg,11,357.14,33.33,391.43,98.86,medium
cam08__frame_00006.jpg,12,353.3,94.28,398.28,144.57,medium
cam08__frame_00006.jpg,13,398.28,66.09,418.09,143.81,high
cam08__frame_00006.jpg,14,352.57,152.95,388.38,210.09,medium
cam08__frame_00006.jpg,15,389.9,166.66,410.47,231.43,high
cam08__frame_00006.jpg,16,354.9,206.28,401.33,274.85,low
cam08__frame_00006.jpg,17,591.5,370.24,611.8,442.52,medium
cam08__frame_00006.jpg,18,580.9,447.81,609.13,505.99,low
cam08__frame_00006.jpg,19,543.0,377.29,586.21,439.88,low
cam08__frame_00006.jpg,20,530.7,423.13,582.69,541.26,low
cam08__frame_00006.jpg,21,419.6,270.62,446.93,313.82,high
cam08__frame_00006.jpg,22,405.3,312.76,442.21,418.12,high
cam08__frame_00006.jpg,23,444.29,320.87,503.35,421.37,medium
cam08__frame_00006.jpg,24,431.06,394.04,483.96,485.72,medium
cam08__frame_00006.jpg,25,377.82,598.56,436.88,640.0,medium
cam08__frame_00006.jpg,26,372.88,572.99,424.01,601.2,medium
cam08__frame_00006.jpg,27,372.88,539.49,431.06,572.99,medium
cam08__frame_00006.jpg,28,376.41,504.23,431.06,545.66,medium
cam08__frame_00006.jpg,29,376.41,431.94,432.83,508.64,low
cam08__frame_00006.jpg,30,371.12,397.56,416.96,435.47,medium
cam08__frame_00006.jpg,31,359.96,355.1,408.9,396.6,high
cam08__frame_00006.jpg,32,360.7,556.46,370.99,592.1,high
cam08__frame_00006.jpg,33,360.7,520.82,370.99,556.83,high
cam08__frame_00006.jpg,34,356.9,463.68,374.9,489.24,high
cam08__frame_00006.jpg,35,355.55,419.64,375.43,461.78,high
cam08__frame_00006.jpg,36,357.76,396.27,367.31,419.78,low
cam08__frame_00006.jpg,37,357.0,489.25,374.64,520.1,high
cam08__frame_00006.jpg,38,352.57,276.38,374.66,287.04,medium
cam08__frame_00006.jpg,39,352.19,288.92,373.07,299.55,medium
cam08__frame_00006.jpg,40,351.35,303.6,372.3,315.05,medium
cam08__frame_00006.jpg,41,350.7,318.4,370.71,330.23,medium
cam08__frame_00006.jpg,42,350.61,333.45,371.9,346.59,medium
cam08__frame_00006.jpg,43,352.18,349.88,371.27,361.14,low
cam08__frame_00006.jpg,44,375.81,307.9,394.74,318.42,medium
cam08__frame_00006.jpg,45,373.93,322.34,392.71,334.07,medium
cam08__frame_00006.jpg,46,374.17,337.5,402.07,356.97,high
cam08__frame_00006.jpg,47,0.0,50.69,100.57,281.13,low
cam08__frame_00006.jpg,48,178.06,69.7,202.1,118.11,high
cam08__frame_00006.jpg,49,155.54,116.98,205.87,137.63,high
cam08__frame_00006.jpg,50,190.45,136.87,206.03,202.21,high
cam08__frame_00006.jpg,51,146.7,141.9,194.97,214.27,medium
cam08__frame_00006.jpg,52,217.8,171.6,234.42,199.29,high
cam08__frame_00006.jpg,53,95.9,171.7,180.56,277.12,medium
cam08__frame_00006.jpg,54,200.0,228.34,228.6,252.97,high
cam08__frame_00006.jpg,55,197.99,252.47,229.15,273.58,high
cam08__frame_00006.jpg,56,137.33,278.03,180.57,347.38,high
cam08__frame_00006.jpg,57,191.1,286.79,217.23,375.25,high
cam08__frame_00006.jpg,58,216.58,284.63,228.64,304.23,high
cam08__frame_00006.jpg,59,216.58,304.74,226.63,327.86,high
cam08__frame_00006.jpg,60,218.09,325.34,227.14,343.44,high
cam08__frame_00006.jpg,61,198.1,377.26,224.27,414.96,low
cam08__frame_00006.jpg,62,203.16,413.45,222.76,444.61,high
cam08__frame_00006.jpg,63,204.2,442.6,225.28,474.76,low
cam08__frame_00006.jpg,64,38.2,278.02,136.52,428.45,medium
cam08__frame_00006.jpg,65,3.2,380.71,47.35,505.01,high
cam08__frame_00006.jpg,66,22.13,426.96,166.98,640.0,low
cam08__frame_00006.jpg,67,133.8,364.5,200.38,544.64,medium
cam08__frame_00006.jpg,68,162.55,542.84,195.88,607.69,high
cam08__frame_00006.jpg,69,199.01,521.16,219.19,570.95,high
cam08__frame_00006.jpg,70,197.77,573.47,217.59,634.72,high
cam08__frame_00009.jpg,0,476.0,0.0,578.28,124.29,low
cam08__frame_00009.jpg,1,580.93,23.79,620.59,138.39,medium
cam08__frame_00009.jpg,2,558.01,0.87,585.33,16.74,high
cam08__frame_00009.jpg,3,582.69,0.87,640.0,33.49,high
cam08__frame_00009.jpg,4,595.8,162.6,640.0,207.58,high
cam08__frame_00009.jpg,5,461.9,113.71,573.0,257.4,low
cam08__frame_00009.jpg,6,554.36,183.1,597.79,322.88,high
cam08__frame_00009.jpg,7,578.36,204.4,640.0,318.3,high
cam08__frame_00009.jpg,8,455.75,253.0,570.3,358.78,low
cam08__frame_00009.jpg,9,415.2,104.89,446.93,163.95,high
cam08__frame_00009.jpg,10,419.6,171.89,452.22,238.01,high
cam08__frame_00009.jpg,11,357.14,33.33,391.43,98.86,medium
cam08__frame_00009.jpg,12,353.3,94.28,398.28,144.57,medium
cam08__frame_00009.jpg,13,398.28,66.09,418.09,143.81,high
cam08__frame_00009.jpg,14,352.57,152.95,388.38,210.09,medium
cam08__frame_00009.jpg,15,389.9,166.66,410.47,231.43,high
cam08__frame_00009.jpg,16,354.9,206.28,401.33,274.85,low
cam08__frame_00009.jpg,17,591.5,370.24,611.8,442.52,medium
cam08__frame_00009.jpg,18,580.9,447.81,609.13,505.99,low
cam08__frame_00009.jpg,19,543.0,377.29,586.21,439.88,low
cam08__frame_00009.jpg,20,530.7,423.13,582.69,541.26,low
cam08__frame_00009.jpg,21,419.6,270.62,446.93,313.82,high
cam08__frame_00009.jpg,22,405.3,312.76,442.21,418.12,high
cam08__frame_00009.jpg,23,444.29,320.87,503.35,421.37,medium
cam08__frame_00009.jpg,24,431.06,394.04,483.96,485.72,medium
cam08__frame_00009.jpg,25,377.82,598.56,436.88,640.0,medium
cam08__frame_00009.jpg,26,372.88,572.99,424.01,601.2,medium
cam08__frame_00009.jpg,27,372.88,539.49,431.06,572.99,medium
cam08__frame_00009.jpg,28,376.41,504.23,431.06,545.66,medium
cam08__frame_00009.jpg,29,376.41,431.94,432.83,508.64,low
cam08__frame_00009.jpg,30,371.12,397.56,416.96,435.47,medium
cam08__frame_00009.jpg,31,359.96,355.1,408.9,396.6,high
cam08__frame_00009.jpg,32,360.7,556.46,370.99,592.1,high
cam08__frame_00009.jpg,33,360.7,520.82,370.99,556.83,high
cam08__frame_00009.jpg,34,356.9,463.68,374.9,489.24,high
cam08__frame_00009.jpg,35,355.55,419.64,375.43,461.78,high
cam08__frame_00009.jpg,36,357.76,396.27,367.31,419.78,low
cam08__frame_00009.jpg,37,357.0,489.25,374.64,520.1,high
cam08__frame_00009.jpg,38,352.57,276.38,374.66,287.04,medium
cam08__frame_00009.jpg,39,352.19,288.92,373.07,299.55,medium
cam08__frame_00009.jpg,40,351.35,303.6,372.3,315.05,medium
cam08__frame_00009.jpg,41,350.7,318.4,370.71,330.23,medium
cam08__frame_00009.jpg,42,350.61,333.45,371.9,346.59,medium
cam08__frame_00009.jpg,43,352.18,349.88,371.27,361.14,low
cam08__frame_00009.jpg,44,375.81,307.9,394.74,318.42,medium
cam08__frame_00009.jpg,45,373.93,322.34,392.71,334.07,medium
cam08__frame_00009.jpg,46,374.17,337.5,402.07,356.97,high
cam08__frame_00009.jpg,47,0.0,50.69,100.57,281.13,low
cam08__frame_00009.jpg,48,178.06,69.7,202.1,118.11,high
cam08__frame_00009.jpg,49,155.54,116.98,205.87,137.63,high
cam08__frame_00009.jpg,50,190.45,136.87,206.03,202.21,high
cam08__frame_00009.jpg,51,146.7,141.9,194.97,214.27,medium
cam08__frame_00009.jpg,52,217.8,171.6,234.42,199.29,high
cam08__frame_00009.jpg,53,95.9,171.7,180.56,277.12,medium
cam08__frame_00009.jpg,54,200.0,228.34,228.6,252.97,high
cam08__frame_00009.jpg,55,197.99,252.47,229.15,273.58,high
cam08__frame_00009.jpg,56,137.33,278.03,180.57,347.38,high
cam08__frame_00009.jpg,57,191.1,286.79,217.23,375.25,high
cam08__frame_00009.jpg,58,216.58,284.63,228.64,304.23,high
cam08__frame_00009.jpg,59,216.58,304.74,226.63,327.86,high
cam08__frame_00009.jpg,60,218.09,325.34,227.14,343.44,high
cam08__frame_00009.jpg,61,198.1,377.26,224.27,414.96,low
cam08__frame_00009.jpg,62,203.16,413.45,222.76,444.61,high
cam08__frame_00009.jpg,63,204.2,442.6,225.28,474.76,low
cam08__frame_00009.jpg,64,38.2,278.02,136.52,428.45,medium
cam08__frame_00009.jpg,65,3.2,380.71,47.35,505.01,high
cam08__frame_00009.jpg,66,22.13,426.96,166.98,640.0,low
cam08__frame_00009.jpg,67,133.8,364.5,200.38,544.64,medium
cam08__frame_00009.jpg,68,162.55,542.84,195.88,607.69,high
cam08__frame_00009.jpg,69,199.01,521.16,219.19,570.95,high
cam08__frame_00009.jpg,70,197.77,573.47,217.59,634.72,high
cam08__frame_00012.jpg,0,476.0,0.0,578.28,124.29,low
cam08__frame_00012.jpg,1,580.93,23.79,620.59,138.39,medium
cam08__frame_00012.jpg,2,558.01,0.87,585.33,16.74,high
cam08__frame_00012.jpg,3,582.69,0.87,640.0,33.49,high
cam08__frame_00012.jpg,4,595.8,162.6,640.0,207.58,high
cam08__frame_00012.jpg,5,461.9,113.71,573.0,257.4,low
cam08__frame_00012.jpg,6,554.36,183.1,597.79,322.88,high
cam08__frame_00012.jpg,7,578.36,204.4,640.0,318.3,high
cam08__frame_00012.jpg,8,455.75,253.0,570.3,358.78,low
cam08__frame_00012.jpg,9,415.2,104.89,446.93,163.95,high
cam08__frame_00012.jpg,10,419.6,171.89,452.22,238.01,high
cam08__frame_00012.jpg,11,357.14,33.33,391.43,98.86,medium
cam08__frame_00012.jpg,12,353.3,94.28,398.28,144.57,medium
cam08__frame_00012.jpg,13,398.28,66.09,418.09,143.81,high
cam08__frame_00012.jpg,14,352.57,152.95,388.38,210.09,medium
cam08__frame_00012.jpg,15,389.9,166.66,410.47,231.43,high
cam08__frame_00012.jpg,16,354.9,206.28,401.33,274.85,low
cam08__frame_00012.jpg,17,591.5,370.24,611.8,442.52,medium
cam08__frame_00012.jpg,18,580.9,447.81,609.13,505.99,low
cam08__frame_00012.jpg,19,543.0,377.29,586.21,439.88,low
cam08__frame_00012.jpg,20,530.7,423.13,582.69,541.26,low
cam08__frame_00012.jpg,21,419.6,270.62,446.93,313.82,high
cam08__frame_00012.jpg,22,405.3,312.76,442.21,418.12,high
cam08__frame_00012.jpg,23,444.29,320.87,503.35,421.37,medium
cam08__frame_00012.jpg,24,431.06,394.04,483.96,485.72,medium
cam08__frame_00012.jpg,25,377.82,598.56,436.88,640.0,medium
cam08__frame_00012.jpg,26,372.88,572.99,424.01,601.2,medium
cam08__frame_00012.jpg,27,372.88,539.49,431.06,572.99,medium
cam08__frame_00012.jpg,28,376.41,504.23,431.06,545.66,medium
cam08__frame_00012.jpg,29,376.41,431.94,432.83,508.64,low
cam08__frame_00012.jpg,30,371.12,397.56,416.96,435.47,medium
cam08__frame_00012.jpg,31,359.96,355.1,408.9,396.6,high
cam08__frame_00012.jpg,32,360.7,556.46,370.99,592.1,high
cam08__frame_00012.jpg,33,360.7,520.82,370.99,556.83,high
cam08__frame_00012.jpg,34,356.9,463.68,374.9,489.24,high
cam08__frame_00012.jpg,35,355.55,419.64,375.43,461.78,high
cam08__frame_00012.jpg,36,357.76,396.27,367.31,419.78,low
cam08__frame_00012.jpg,37,357.0,489.25,374.64,520.1,high
cam08__frame_00012.jpg,38,352.57,276.38,374.66,287.04,medium
cam08__frame_00012.jpg,39,352.19,288.92,373.07,299.55,medium
cam08__frame_00012.jpg,40,351.35,303.6,372.3,315.05,medium
cam08__frame_00012.jpg,41,350.7,318.4,370.71,330.23,medium
cam08__frame_00012.jpg,42,350.61,333.45,371.9,346.59,medium
cam08__frame_00012.jpg,43,350.4,349.88,371.27,361.14,high
cam08__frame_00012.jpg,44,375.81,307.9,394.74,318.42,medium
cam08__frame_00012.jpg,45,373.93,322.34,392.71,334.07,medium
cam08__frame_00012.jpg,46,374.17,337.5,402.07,356.97,high
cam08__frame_00012.jpg,47,0.0,50.69,100.57,281.13,low
cam08__frame_00012.jpg,48,178.06,69.7,202.1,118.11,high
cam08__frame_00012.jpg,49,155.54,116.98,205.87,137.63,high
cam08__frame_00012.jpg,50,190.45,136.87,206.03,202.21,high
cam08__frame_00012.jpg,51,146.7,141.9,194.97,214.27,medium
cam08__frame_00012.jpg,52,217.8,171.6,234.42,199.29,high
cam08__frame_00012.jpg,53,95.9,171.7,180.56,277.12,medium
cam08__frame_00012.jpg,54,200.0,228.34,228.6,252.97,high
cam08__frame_00012.jpg,55,197.99,252.47,229.15,273.58,high
cam08__frame_00012.jpg,56,137.33,278.03,180.57,347.38,high
cam08__frame_00012.jpg,57,191.1,286.79,217.23,375.25,high
cam08__frame_00012.jpg,58,216.58,284.63,228.64,304.23,high
cam08__frame_00012.jpg,59,216.58,304.74,226.63,327.86,high
cam08__frame_00012.jpg,60,218.09,325.34,227.14,343.44,high
cam08__frame_00012.jpg,61,198.1,377.26,224.27,414.96,low
cam08__frame_00012.jpg,62,203.16,413.45,222.76,444.61,high
cam08__frame_00012.jpg,63,204.2,442.6,225.28,474.76,low
cam08__frame_00012.jpg,64,38.2,278.02,136.52,428.45,medium
cam08__frame_00012.jpg,65,3.2,380.71,47.35,505.01,high
cam08__frame_00012.jpg,66,22.13,426.96,166.98,640.0,low
cam08__frame_00012.jpg,67,133.8,364.5,200.38,544.64,medium
cam08__frame_00012.jpg,68,162.55,542.84,195.88,607.69,high
cam08__frame_00012.jpg,69,199.01,521.16,219.19,570.95,high
cam08__frame_00012.jpg,70,197.77,573.47,217.59,634.72,high
cam08__frame_00015.jpg,0,476.0,0.0,578.28,124.29,low
cam08__frame_00015.jpg,1,580.93,23.79,620.59,138.39,medium
cam08__frame_00015.jpg,2,558.01,0.87,585.33,16.74,high
cam08__frame_00015.jpg,3,582.69,0.87,640.0,33.49,high
cam08__frame_00015.jpg,4,595.8,162.6,640.0,207.58,high
cam08__frame_00015.jpg,5,461.9,113.71,573.0,257.4,low
cam08__frame_00015.jpg,6,554.36,183.1,597.79,322.88,high
cam08__frame_00015.jpg,7,578.36,204.4,640.0,318.3,high
cam08__frame_00015.jpg,8,455.75,253.0,570.3,358.78,low
cam08__frame_00015.jpg,9,415.2,104.89,446.93,163.95,high
cam08__frame_00015.jpg,10,419.6,171.89,452.22,238.01,high
cam08__frame_00015.jpg,11,357.14,33.33,391.43,98.86,medium
cam08__frame_00015.jpg,12,353.3,94.28,398.28,144.57,medium
cam08__frame_00015.jpg,13,398.28,66.09,418.09,143.81,high
cam08__frame_00015.jpg,14,352.57,152.95,388.38,210.09,medium
cam08__frame_00015.jpg,15,389.9,166.66,410.47,231.43,high
cam08__frame_00015.jpg,16,354.9,206.28,401.33,274.85,low
cam08__frame_00015.jpg,17,591.5,370.24,611.8,442.52,medium
cam08__frame_00015.jpg,18,580.9,447.81,609.13,505.99,low
cam08__frame_00015.jpg,19,543.0,377.29,586.21,439.88,low
cam08__frame_00015.jpg,20,530.7,423.13,582.69,541.26,low
cam08__frame_00015.jpg,21,419.6,270.62,446.93,313.82,high
cam08__frame_00015.jpg,22,405.3,312.76,442.21,418.12,high
cam08__frame_00015.jpg,23,444.29,320.87,503.35,421.37,medium
cam08__frame_00015.jpg,24,431.06,394.04,483.96,485.72,medium
cam08__frame_00015.jpg,25,377.82,598.56,436.88,640.0,medium
cam08__frame_00015.jpg,26,372.88,572.99,424.01,601.2,medium
cam08__frame_00015.jpg,27,372.88,539.49,431.06,572.99,medium
cam08__frame_00015.jpg,28,376.41,504.23,431.06,545.66,medium
cam08__frame_00015.jpg,29,376.41,431.94,432.83,508.64,low
cam08__frame_00015.jpg,30,371.12,397.56,416.96,435.47,medium
cam08__frame_00015.jpg,31,359.96,355.1,408.9,396.6,high
cam08__frame_00015.jpg,32,360.7,556.46,370.99,592.1,high
cam08__frame_00015.jpg,33,360.7,520.82,370.99,556.83,high
cam08__frame_00015.jpg,34,356.9,463.68,374.9,489.24,high
cam08__frame_00015.jpg,35,355.55,419.64,375.43,461.78,medium
cam08__frame_00015.jpg,36,357.76,396.27,367.31,419.78,low
cam08__frame_00015.jpg,37,357.0,489.25,374.64,520.1,high
cam08__frame_00015.jpg,38,352.57,276.38,374.66,287.04,medium
cam08__frame_00015.jpg,39,352.19,288.92,373.07,299.55,medium
cam08__frame_00015.jpg,40,351.35,303.6,372.3,315.05,medium
cam08__frame_00015.jpg,41,350.7,318.4,370.71,330.23,medium
cam08__frame_00015.jpg,42,350.61,333.45,371.9,346.59,medium
cam08__frame_00015.jpg,43,353.1,349.88,371.27,362.9,high
cam08__frame_00015.jpg,44,375.81,307.9,394.74,318.42,medium
cam08__frame_00015.jpg,45,373.93,322.34,392.71,334.07,medium
cam08__frame_00015.jpg,46,374.17,337.5,402.07,356.97,high
cam08__frame_00015.jpg,47,0.0,50.69,100.57,281.13,low
cam08__frame_00015.jpg,48,178.06,69.7,202.1,118.11,high
cam08__frame_00015.jpg,49,155.54,116.98,205.87,137.63,high
cam08__frame_00015.jpg,50,190.45,136.87,206.03,202.21,high
cam08__frame_00015.jpg,51,146.7,141.9,194.97,214.27,medium
cam08__frame_00015.jpg,52,217.8,171.6,234.42,199.29,high
cam08__frame_00015.jpg,53,95.9,171.7,180.56,277.12,medium
cam08__frame_00015.jpg,54,200.0,228.34,228.6,252.97,high
cam08__frame_00015.jpg,55,197.99,252.47,229.15,273.58,high
cam08__frame_00015.jpg,56,137.33,278.03,180.57,347.38,high
cam08__frame_00015.jpg,57,191.1,286.79,217.23,375.25,high
cam08__frame_00015.jpg,58,216.58,284.63,228.64,304.23,high
cam08__frame_00015.jpg,59,216.58,304.74,226.63,327.86,high
cam08__frame_00015.jpg,60,218.09,325.34,227.14,343.44,high
cam08__frame_00015.jpg,61,198.1,377.26,224.27,414.96,low
cam08__frame_00015.jpg,62,203.16,413.45,222.76,444.61,high
cam08__frame_00015.jpg,63,204.2,442.6,225.28,474.76,low
cam08__frame_00015.jpg,64,38.2,278.02,136.52,428.45,medium
cam08__frame_00015.jpg,65,3.2,380.71,47.35,505.01,high
cam08__frame_00015.jpg,66,22.13,426.96,166.98,640.0,low
cam08__frame_00015.jpg,67,133.8,364.5,200.38,544.64,medium
cam08__frame_00015.jpg,68,162.55,542.84,195.88,607.69,high
cam08__frame_00015.jpg,69,199.01,521.16,219.19,570.95,high
cam08__frame_00015.jpg,70,197.77,573.47,217.59,634.72,high
cam08__frame_00018.jpg,0,476.0,0.0,578.28,124.29,low
cam08__frame_00018.jpg,1,580.93,23.79,620.59,138.39,medium
cam08__frame_00018.jpg,2,558.01,0.87,585.33,16.74,high
cam08__frame_00018.jpg,3,582.69,0.87,640.0,33.49,high
cam08__frame_00018.jpg,4,595.8,162.6,640.0,207.58,high
cam08__frame_00018.jpg,5,461.9,113.71,573.0,257.4,low
cam08__frame_00018.jpg,6,554.36,183.1,597.79,322.88,high
cam08__frame_00018.jpg,7,578.36,204.4,640.0,318.3,high
cam08__frame_00018.jpg,8,455.75,253.0,570.3,358.78,low
cam08__frame_00018.jpg,9,415.2,104.89,446.93,163.95,high
cam08__frame_00018.jpg,10,419.6,171.89,452.22,238.01,high
cam08__frame_00018.jpg,11,357.14,33.33,391.43,98.86,medium
cam08__frame_00018.jpg,12,353.3,94.28,398.28,144.57,medium
cam08__frame_00018.jpg,13,398.28,66.09,418.09,143.81,high
cam08__frame_00018.jpg,14,352.57,152.95,388.38,210.09,medium
cam08__frame_00018.jpg,15,389.9,166.66,410.47,231.43,high
cam08__frame_00018.jpg,16,354.9,206.28,401.33,274.85,low
cam08__frame_00018.jpg,17,591.5,370.24,611.8,442.52,medium
cam08__frame_00018.jpg,18,580.9,447.81,609.13,505.99,low
cam08__frame_00018.jpg,19,543.0,377.29,586.21,439.88,low
cam08__frame_00018.jpg,20,530.7,423.13,582.69,541.26,low
cam08__frame_00018.jpg,21,419.6,270.62,446.93,313.82,high
cam08__frame_00018.jpg,22,405.3,312.76,442.21,418.12,high
cam08__frame_00018.jpg,23,444.29,320.87,503.35,421.37,medium
cam08__frame_00018.jpg,24,431.06,394.04,483.96,485.72,medium
cam08__frame_00018.jpg,25,377.82,598.56,436.88,640.0,medium
cam08__frame_00018.jpg,26,372.88,572.99,424.01,601.2,medium
cam08__frame_00018.jpg,27,372.88,539.49,431.06,572.99,medium
cam08__frame_00018.jpg,28,376.41,504.23,431.06,545.66,medium
cam08__frame_00018.jpg,29,376.41,431.94,432.83,508.64,low
cam08__frame_00018.jpg,30,371.12,397.56,416.96,435.47,medium
cam08__frame_00018.jpg,31,359.96,355.1,408.9,396.6,high
cam08__frame_00018.jpg,32,360.7,556.46,370.99,592.1,high
cam08__frame_00018.jpg,33,360.7,520.82,370.99,556.83,high
cam08__frame_00018.jpg,34,356.9,463.68,374.9,489.24,high
cam08__frame_00018.jpg,35,355.55,419.64,375.43,461.78,high
cam08__frame_00018.jpg,36,357.76,396.27,367.31,419.78,low
cam08__frame_00018.jpg,37,357.0,489.25,374.64,520.1,high
cam08__frame_00018.jpg,38,352.57,276.38,374.66,287.04,medium
cam08__frame_00018.jpg,39,352.19,288.92,373.07,299.55,medium
cam08__frame_00018.jpg,40,351.35,303.6,372.3,315.05,medium
cam08__frame_00018.jpg,41,350.7,318.4,370.71,330.23,medium
cam08__frame_00018.jpg,42,350.61,333.45,371.9,346.59,medium
cam08__frame_00018.jpg,43,352.18,349.88,371.27,361.14,high
cam08__frame_00018.jpg,44,375.81,307.9,394.74,318.42,medium
cam08__frame_00018.jpg,45,373.93,322.34,392.71,334.07,medium
cam08__frame_00018.jpg,46,374.17,337.5,402.07,356.97,high
cam08__frame_00018.jpg,47,0.0,50.69,100.57,281.13,low
cam08__frame_00018.jpg,48,178.06,69.7,202.1,118.11,high
cam08__frame_00018.jpg,49,155.54,116.98,205.87,137.63,high
cam08__frame_00018.jpg,50,190.45,136.87,206.03,202.21,high
cam08__frame_00018.jpg,51,146.7,141.9,194.97,214.27,medium
cam08__frame_00018.jpg,52,217.8,171.6,234.42,199.29,high
cam08__frame_00018.jpg,53,95.9,171.7,180.56,277.12,medium
cam08__frame_00018.jpg,54,200.0,228.34,228.6,252.97,high
cam08__frame_00018.jpg,55,197.99,252.47,229.15,273.58,high
cam08__frame_00018.jpg,56,137.33,278.03,180.57,347.38,high
cam08__frame_00018.jpg,57,191.1,286.79,217.23,375.25,high
cam08__frame_00018.jpg,58,216.58,284.63,228.64,304.23,high
cam08__frame_00018.jpg,59,216.58,304.74,226.63,327.86,high
cam08__frame_00018.jpg,60,218.09,325.34,227.14,343.44,high
cam08__frame_00018.jpg,61,198.1,377.26,224.27,414.96,low
cam08__frame_00018.jpg,62,203.16,413.45,222.76,444.61,high
cam08__frame_00018.jpg,63,204.2,442.6,225.28,474.76,low
cam08__frame_00018.jpg,64,38.2,278.02,136.52,428.45,medium
cam08__frame_00018.jpg,65,3.2,380.71,47.35,505.01,high
cam08__frame_00018.jpg,66,22.13,426.96,166.98,640.0,low
cam08__frame_00018.jpg,67,133.8,364.5,200.38,544.64,medium
cam08__frame_00018.jpg,68,162.55,542.84,195.88,607.69,high
cam08__frame_00018.jpg,69,199.01,521.16,219.19,570.95,high
cam08__frame_00018.jpg,70,197.77,573.47,217.59,634.72,high
cam08__frame_00021.jpg,0,476.0,0.0,578.28,124.29,low
cam08__frame_00021.jpg,1,580.93,23.79,620.59,138.39,medium
cam08__frame_00021.jpg,2,558.01,0.87,585.33,16.74,high
cam08__frame_00021.jpg,3,582.69,0.87,640.0,33.49,high
cam08__frame_00021.jpg,4,595.8,162.6,640.0,207.58,high
cam08__frame_00021.jpg,5,461.9,113.71,573.0,257.4,low
cam08__frame_00021.jpg,6,554.36,183.1,597.79,322.88,high
cam08__frame_00021.jpg,7,578.36,204.4,640.0,318.3,high
cam08__frame_00021.jpg,8,455.75,253.0,570.3,358.78,low
cam08__frame_00021.jpg,9,415.2,104.89,446.93,163.95,high
cam08__frame_00021.jpg,10,419.6,171.89,452.22,238.01,high
cam08__frame_00021.jpg,11,357.14,33.33,391.43,98.86,medium
cam08__frame_00021.jpg,12,353.3,94.28,398.28,144.57,medium
cam08__frame_00021.jpg,13,398.28,66.09,418.09,143.81,high
cam08__frame_00021.jpg,14,352.57,152.95,388.38,210.09,medium
cam08__frame_00021.jpg,15,389.9,166.66,410.47,231.43,high
cam08__frame_00021.jpg,16,354.9,206.28,401.33,274.85,low
cam08__frame_00021.jpg,17,591.5,370.24,611.8,442.52,medium
cam08__frame_00021.jpg,18,580.9,447.81,609.13,505.99,low
cam08__frame_00021.jpg,19,543.0,377.29,586.21,439.88,low
cam08__frame_00021.jpg,20,530.7,423.13,582.69,541.26,low
cam08__frame_00021.jpg,21,419.6,270.62,446.93,313.82,high
cam08__frame_00021.jpg,22,405.3,312.76,442.21,418.12,high
cam08__frame_00021.jpg,23,444.29,320.87,503.35,421.37,medium
cam08__frame_00021.jpg,24,431.06,394.04,483.96,485.72,medium
cam08__frame_00021.jpg,25,377.82,598.56,436.88,640.0,medium
cam08__frame_00021.jpg,26,372.88,572.99,424.01,601.2,medium
cam08__frame_00021.jpg,27,372.88,539.49,431.06,572.99,medium
cam08__frame_00021.jpg,28,376.41,504.23,431.06,545.66,medium
cam08__frame_00021.jpg,29,376.41,431.94,432.83,508.64,low
cam08__frame_00021.jpg,30,371.12,397.56,416.96,435.47,medium
cam08__frame_00021.jpg,31,359.96,355.1,408.9,396.6,high
cam08__frame_00021.jpg,32,360.7,556.46,370.99,592.1,high
cam08__frame_00021.jpg,33,360.7,520.82,370.99,556.83,high
cam08__frame_00021.jpg,34,356.9,463.68,374.9,489.24,high
cam08__frame_00021.jpg,35,355.55,419.64,375.43,461.78,high
cam08__frame_00021.jpg,36,357.76,396.27,367.31,419.78,low
cam08__frame_00021.jpg,37,357.0,489.25,374.64,520.1,high
cam08__frame_00021.jpg,38,352.57,276.38,374.66,287.04,medium
cam08__frame_00021.jpg,39,352.19,288.92,373.07,299.55,medium
cam08__frame_00021.jpg,40,351.35,303.6,372.3,315.05,medium
cam08__frame_00021.jpg,41,350.7,318.4,370.71,330.23,medium
cam08__frame_00021.jpg,42,350.61,333.45,371.9,346.59,medium
cam08__frame_00021.jpg,43,352.18,349.88,371.27,361.14,high
cam08__frame_00021.jpg,44,375.81,307.9,394.74,318.42,medium
cam08__frame_00021.jpg,45,373.93,322.34,392.71,334.07,medium
cam08__frame_00021.jpg,46,374.17,337.5,402.07,356.97,high
cam08__frame_00021.jpg,47,0.0,50.69,100.57,281.13,low
cam08__frame_00021.jpg,48,178.06,69.7,202.1,118.11,high
cam08__frame_00021.jpg,49,155.54,116.98,205.87,137.63,high
cam08__frame_00021.jpg,50,190.45,136.87,206.03,202.21,high
cam08__frame_00021.jpg,51,146.7,141.9,194.97,214.27,medium
cam08__frame_00021.jpg,52,217.8,171.6,234.42,199.29,high
cam08__frame_00021.jpg,53,95.9,171.7,180.56,277.12,medium
cam08__frame_00021.jpg,54,200.0,228.34,228.6,252.97,high
cam08__frame_00021.jpg,55,197.99,252.47,229.15,273.58,high
cam08__frame_00021.jpg,56,137.33,278.03,180.57,347.38,high
cam08__frame_00021.jpg,57,191.1,286.79,217.23,375.25,high
cam08__frame_00021.jpg,58,216.58,284.63,228.64,304.23,high
cam08__frame_00021.jpg,59,216.58,304.74,226.63,327.86,high
cam08__frame_00021.jpg,60,218.09,325.34,227.14,343.44,high
cam08__frame_00021.jpg,61,198.1,377.26,224.27,414.96,low
cam08__frame_00021.jpg,62,203.16,413.45,222.76,444.61,high
cam08__frame_00021.jpg,63,204.2,442.6,225.28,474.76,low
cam08__frame_00021.jpg,64,38.2,278.02,136.52,428.45,medium
cam08__frame_00021.jpg,65,3.2,380.71,47.35,505.01,high
cam08__frame_00021.jpg,66,22.13,426.96,166.98,640.0,low
cam08__frame_00021.jpg,67,133.8,364.5,200.38,544.64,medium
cam08__frame_00021.jpg,68,162.55,542.84,195.88,607.69,high
cam08__frame_00021.jpg,69,199.01,521.16,219.19,570.95,high
cam08__frame_00021.jpg,70,197.77,573.47,217.59,634.72,high
cam08__frame_00024.jpg,0,476.0,0.0,578.28,124.29,low
cam08__frame_00024.jpg,1,580.93,23.79,620.59,138.39,medium
cam08__frame_00024.jpg,2,558.01,0.87,585.33,16.74,high
cam08__frame_00024.jpg,3,582.69,0.87,640.0,33.49,high
cam08__frame_00024.jpg,4,595.8,162.6,640.0,207.58,high
cam08__frame_00024.jpg,5,461.9,113.71,573.0,257.4,low
cam08__frame_00024.jpg,6,554.36,183.1,597.79,322.88,high
cam08__frame_00024.jpg,7,578.36,204.4,640.0,318.3,high
cam08__frame_00024.jpg,8,455.75,253.0,570.3,358.78,low
cam08__frame_00024.jpg,9,415.2,104.89,446.93,163.95,high
cam08__frame_00024.jpg,10,419.6,171.89,452.22,238.01,high
cam08__frame_00024.jpg,11,357.14,33.33,391.43,98.86,medium
cam08__frame_00024.jpg,12,353.3,94.28,398.28,144.57,medium
cam08__frame_00024.jpg,13,398.28,66.09,418.09,143.81,high
cam08__frame_00024.jpg,14,352.57,152.95,388.38,210.09,medium
cam08__frame_00024.jpg,15,389.9,166.66,410.47,231.43,high
cam08__frame_00024.jpg,16,354.9,206.28,401.33,274.85,low
cam08__frame_00024.jpg,17,591.5,370.24,611.8,442.52,medium
cam08__frame_00024.jpg,18,580.9,447.81,609.13,505.99,low
cam08__frame_00024.jpg,19,543.0,377.29,586.21,439.88,low
cam08__frame_00024.jpg,20,530.7,423.13,582.69,541.26,low
cam08__frame_00024.jpg,21,419.6,270.62,446.93,313.82,high
cam08__frame_00024.jpg,22,405.3,312.76,442.21,418.12,high
cam08__frame_00024.jpg,23,444.29,320.87,503.35,421.37,medium
cam08__frame_00024.jpg,24,431.06,394.04,483.96,485.72,medium
cam08__frame_00024.jpg,25,377.82,598.56,436.88,640.0,medium
cam08__frame_00024.jpg,26,372.88,572.99,424.01,601.2,medium
cam08__frame_00024.jpg,27,372.88,539.49,431.06,572.99,medium
cam08__frame_00024.jpg,28,376.41,504.23,431.06,545.66,medium
cam08__frame_00024.jpg,29,376.41,431.94,432.83,508.64,low
cam08__frame_00024.jpg,30,371.12,397.56,416.96,435.47,medium
cam08__frame_00024.jpg,31,359.96,355.1,408.9,396.6,high
cam08__frame_00024.jpg,32,360.7,556.46,370.99,592.1,high
cam08__frame_00024.jpg,33,360.7,520.82,370.99,556.83,high
cam08__frame_00024.jpg,34,356.9,463.68,374.9,489.24,high
cam08__frame_00024.jpg,35,355.55,419.64,375.43,461.78,high
cam08__frame_00024.jpg,36,357.76,396.27,367.31,419.78,low
cam08__frame_00024.jpg,37,357.0,489.25,374.64,520.1,high
cam08__frame_00024.jpg,38,352.57,276.38,374.66,287.04,medium
cam08__frame_00024.jpg,39,352.19,288.92,373.07,299.55,medium
cam08__frame_00024.jpg,40,351.35,303.6,372.3,315.05,medium
cam08__frame_00024.jpg,41,350.7,318.4,370.71,330.23,medium
cam08__frame_00024.jpg,42,350.61,333.45,371.9,346.59,medium
cam08__frame_00024.jpg,43,352.18,349.88,371.27,361.14,high
cam08__frame_00024.jpg,44,375.81,307.9,394.74,318.42,medium
cam08__frame_00024.jpg,45,373.93,322.34,392.71,334.07,medium
cam08__frame_00024.jpg,46,374.17,337.5,402.07,356.97,high
cam08__frame_00024.jpg,47,0.0,50.69,100.57,281.13,low
cam08__frame_00024.jpg,48,178.06,69.7,202.1,118.11,high
cam08__frame_00024.jpg,49,155.54,116.98,205.87,137.63,high
cam08__frame_00024.jpg,50,190.45,136.87,206.03,202.21,high
cam08__frame_00024.jpg,51,146.7,141.9,194.97,214.27,medium
cam08__frame_00024.jpg,52,217.8,171.6,234.42,199.29,high
cam08__frame_00024.jpg,53,95.9,171.7,180.56,277.12,medium
cam08__frame_00024.jpg,54,200.0,228.34,228.6,252.97,high
cam08__frame_00024.jpg,55,197.99,252.47,229.15,273.58,high
cam08__frame_00024.jpg,56,137.33,278.03,180.57,347.38,high
cam08__frame_00024.jpg,57,191.1,286.79,217.23,375.25,high
cam08__frame_00024.jpg,58,216.58,284.63,228.64,304.23,high
cam08__frame_00024.jpg,59,216.58,304.74,226.63,327.86,high
cam08__frame_00024.jpg,60,218.09,325.34,227.14,343.44,high
cam08__frame_00024.jpg,61,198.1,377.26,224.27,414.96,low
cam08__frame_00024.jpg,62,203.16,413.45,222.76,444.61,high
cam08__frame_00024.jpg,63,204.2,442.6,225.28,474.76,low
cam08__frame_00024.jpg,64,38.2,278.02,136.52,428.45,medium
cam08__frame_00024.jpg,65,3.2,380.71,47.35,505.01,high
cam08__frame_00024.jpg,66,22.13,426.96,166.98,640.0,low
cam08__frame_00024.jpg,67,133.8,364.5,200.38,544.64,medium
cam08__frame_00024.jpg,68,162.55,542.84,195.88,607.69,high
cam08__frame_00024.jpg,69,199.01,521.16,219.19,570.95,high
cam08__frame_00024.jpg,70,197.77,573.47,217.59,634.72,high
cam08__frame_00029.jpg,0,476.0,0.0,578.28,124.29,low
cam08__frame_00029.jpg,1,580.93,23.79,620.59,138.39,medium
cam08__frame_00029.jpg,2,558.01,0.87,585.33,16.74,high
cam08__frame_00029.jpg,3,582.69,0.87,640.0,33.49,high
cam08__frame_00029.jpg,4,595.8,162.6,640.0,207.58,high
cam08__frame_00029.jpg,5,461.9,113.71,573.0,257.4,low
cam08__frame_00029.jpg,6,554.36,183.1,597.79,322.88,high
cam08__frame_00029.jpg,7,578.36,204.4,640.0,318.3,high
cam08__frame_00029.jpg,8,455.75,253.0,570.3,358.78,low
cam08__frame_00029.jpg,9,415.2,104.89,446.93,163.95,high
cam08__frame_00029.jpg,10,419.6,171.89,452.22,238.01,high
cam08__frame_00029.jpg,11,357.14,33.33,391.43,98.86,medium
cam08__frame_00029.jpg,12,353.3,94.28,398.28,144.57,medium
cam08__frame_00029.jpg,13,398.28,66.09,418.09,143.81,high
cam08__frame_00029.jpg,14,352.57,152.95,388.38,232.1,medium
cam08__frame_00029.jpg,15,389.9,166.66,410.47,231.43,high
cam08__frame_00029.jpg,16,591.5,370.24,611.8,442.52,medium
cam08__frame_00029.jpg,17,580.9,447.81,609.13,505.99,low
cam08__frame_00029.jpg,18,543.0,377.29,586.21,439.88,low
cam08__frame_00029.jpg,19,530.7,423.13,582.69,541.26,low
cam08__frame_00029.jpg,20,419.6,270.62,446.93,313.82,high
cam08__frame_00029.jpg,21,405.3,312.76,442.21,418.12,high
cam08__frame_00029.jpg,22,444.29,320.87,503.35,421.37,medium
cam08__frame_00029.jpg,23,431.06,394.04,483.96,485.72,medium
cam08__frame_00029.jpg,24,377.82,598.56,436.88,640.0,medium
cam08__frame_00029.jpg,25,372.88,572.99,424.01,601.2,medium
cam08__frame_00029.jpg,26,372.88,539.49,431.06,572.99,medium
cam08__frame_00029.jpg,27,376.41,504.23,431.06,545.66,medium
cam08__frame_00029.jpg,28,376.41,431.94,432.83,508.64,low
cam08__frame_00029.jpg,29,371.12,397.56,416.96,435.47,medium
cam08__frame_00029.jpg,30,367.0,355.1,408.9,396.6,high
cam08__frame_00029.jpg,31,360.7,556.46,370.99,592.1,high
cam08__frame_00029.jpg,32,360.7,520.82,370.99,556.83,high
cam08__frame_00029.jpg,33,356.9,463.68,374.9,489.24,high
cam08__frame_00029.jpg,34,355.55,419.64,375.43,461.78,high
cam08__frame_00029.jpg,35,357.76,396.27,367.31,419.78,high
cam08__frame_00029.jpg,36,357.0,489.25,374.64,520.1,high
cam08__frame_00029.jpg,37,363.9,291.0,373.08,299.55,high
cam08__frame_00029.jpg,38,360.3,303.6,372.3,315.05,high
cam08__frame_00029.jpg,39,362.2,318.4,370.71,330.2,high
cam08__frame_00029.jpg,40,360.1,334.01,371.9,347.16,high
cam08__frame_00029.jpg,41,365.7,349.88,371.27,361.14,high
cam08__frame_00029.jpg,42,375.81,307.9,394.74,318.42,medium
cam08__frame_00029.jpg,43,373.93,322.34,392.71,334.07,medium
cam08__frame_00029.jpg,44,374.17,337.5,402.07,356.97,high
cam08__frame_00029.jpg,45,0.0,50.69,100.57,281.13,low
cam08__frame_00029.jpg,46,178.06,69.7,202.1,118.11,high
cam08__frame_00029.jpg,47,155.54,116.98,205.87,137.63,high
cam08__frame_00029.jpg,48,190.45,136.87,206.03,202.21,high
cam08__frame_00029.jpg,49,146.7,141.9,194.97,214.27,medium
cam08__frame_00029.jpg,50,217.8,171.6,234.42,199.29,high
cam08__frame_00029.jpg,51,95.9,171.7,180.56,277.12,medium
cam08__frame_00029.jpg,52,200.0,228.34,228.6,252.97,high
cam08__frame_00029.jpg,53,197.99,252.47,229.15,273.58,high
cam08__frame_00029.jpg,54,137.33,278.03,180.57,347.38,high
cam08__frame_00029.jpg,55,191.1,286.79,217.23,375.25,high
cam08__frame_00029.jpg,56,216.58,284.63,228.64,304.23,high
cam08__frame_00029.jpg,57,216.58,304.74,226.63,327.86,high
cam08__frame_00029.jpg,58,218.09,325.34,227.14,343.44,high
cam08__frame_00029.jpg,59,198.1,377.26,224.27,414.96,low
cam08__frame_00029.jpg,60,203.16,413.45,222.76,444.61,high
cam08__frame_00029.jpg,61,204.2,442.6,225.28,474.76,low
cam08__frame_00029.jpg,62,38.2,278.02,136.52,428.45,medium
cam08__frame_00029.jpg,63,3.2,380.71,47.35,505.01,high
cam08__frame_00029.jpg,64,22.13,426.96,166.98,640.0,low
cam08__frame_00029.jpg,65,133.8,364.5,200.38,544.64,medium
cam08__frame_00029.jpg,66,162.55,542.84,195.88,607.69,high
cam08__frame_00029.jpg,67,199.01,521.16,219.19,570.95,high
cam08__frame_00029.jpg,68,197.77,573.47,217.59,634.72,high
cam08__frame_00031.jpg,0,476.0,0.0,578.28,124.29,low
cam08__frame_00031.jpg,1,580.93,23.79,620.59,138.39,medium
cam08__frame_00031.jpg,2,558.01,0.87,585.33,16.74,high
cam08__frame_00031.jpg,3,582.69,0.87,640.0,33.49,high
cam08__frame_00031.jpg,4,595.8,162.6,640.0,207.58,high
cam08__frame_00031.jpg,5,461.9,113.71,573.0,257.4,low
cam08__frame_00031.jpg,6,554.36,183.1,597.79,322.88,high
cam08__frame_00031.jpg,7,578.36,204.4,640.0,318.3,high
cam08__frame_00031.jpg,8,455.75,253.0,570.3,358.78,low
cam08__frame_00031.jpg,9,415.2,104.89,446.93,163.95,high
cam08__frame_00031.jpg,10,419.6,171.89,452.22,238.01,high
cam08__frame_00031.jpg,11,357.14,33.33,391.43,98.86,medium
cam08__frame_00031.jpg,12,353.3,94.28,398.28,144.57,medium
cam08__frame_00031.jpg,13,398.28,66.09,418.09,143.81,high
cam08__frame_00031.jpg,14,352.57,152.95,388.38,233.0,medium
cam08__frame_00031.jpg,15,389.9,166.66,410.47,231.43,high
cam08__frame_00031.jpg,16,591.5,370.24,611.8,442.52,medium
cam08__frame_00031.jpg,17,580.9,447.81,609.13,505.99,low
cam08__frame_00031.jpg,18,543.0,377.29,586.21,439.88,low
cam08__frame_00031.jpg,19,530.7,423.13,582.69,541.26,low
cam08__frame_00031.jpg,20,419.6,270.62,446.93,313.82,high
cam08__frame_00031.jpg,21,405.3,312.76,442.21,418.12,high
cam08__frame_00031.jpg,22,444.29,320.87,503.35,421.37,medium
cam08__frame_00031.jpg,23,431.06,394.04,483.96,485.72,medium
cam08__frame_00031.jpg,24,377.82,598.56,436.88,640.0,medium
cam08__frame_00031.jpg,25,372.88,572.99,424.01,601.2,medium
cam08__frame_00031.jpg,26,372.88,539.49,431.06,572.99,medium
cam08__frame_00031.jpg,27,376.41,504.23,431.06,545.66,medium
cam08__frame_00031.jpg,28,376.41,431.94,432.83,508.64,low
cam08__frame_00031.jpg,29,371.12,397.56,416.96,435.47,medium
cam08__frame_00031.jpg,30,359.96,355.1,408.9,396.6,high
cam08__frame_00031.jpg,31,360.7,556.46,370.99,592.1,high
cam08__frame_00031.jpg,32,360.7,520.82,370.99,556.83,high
cam08__frame_00031.jpg,33,356.9,463.68,374.9,489.24,high
cam08__frame_00031.jpg,34,355.55,419.64,375.43,461.78,high
cam08__frame_00031.jpg,35,357.76,396.27,367.31,419.78,high
cam08__frame_00031.jpg,36,357.0,489.25,374.64,520.1,high
cam08__frame_00031.jpg,37,352.57,276.38,374.66,287.04,medium
cam08__frame_00031.jpg,38,352.19,288.92,373.07,299.55,medium
cam08__frame_00031.jpg,39,351.35,303.6,372.3,315.05,medium
cam08__frame_00031.jpg,40,350.7,318.4,370.71,330.23,medium
cam08__frame_00031.jpg,41,350.61,333.45,371.9,346.59,medium
cam08__frame_00031.jpg,42,352.18,349.88,371.27,361.14,low
cam08__frame_00031.jpg,43,375.81,307.9,394.74,318.42,medium
cam08__frame_00031.jpg,44,373.93,322.34,392.71,334.07,medium
cam08__frame_00031.jpg,45,374.17,337.5,402.07,356.97,high
cam08__frame_00031.jpg,46,0.0,50.69,100.57,281.13,low
cam08__frame_00031.jpg,47,178.06,69.7,202.1,118.11,high
cam08__frame_00031.jpg,48,155.54,116.98,205.87,137.63,high
cam08__frame_00031.jpg,49,190.45,136.87,206.03,202.21,high
cam08__frame_00031.jpg,50,146.7,141.9,194.97,214.27,medium
cam08__frame_00031.jpg,51,217.8,171.6,234.42,199.29,high
cam08__frame_00031.jpg,52,95.9,171.7,180.56,277.12,medium
cam08__frame_00031.jpg,53,200.0,228.34,228.6,252.97,high
cam08__frame_00031.jpg,54,197.99,252.47,229.15,273.58,high
cam08__frame_00031.jpg,55,137.33,278.03,180.57,347.38,high
cam08__frame_00031.jpg,56,191.1,286.79,217.23,375.25,high
cam08__frame_00031.jpg,57,216.58,284.63,228.64,304.23,high
cam08__frame_00031.jpg,58,216.58,304.74,226.63,327.86,high
cam08__frame_00031.jpg,59,218.09,325.34,227.14,343.44,high
cam08__frame_00031.jpg,60,198.1,377.26,224.27,414.96,low
cam08__frame_00031.jpg,61,203.16,413.45,222.76,444.61,high
cam08__frame_00031.jpg,62,204.2,442.6,225.28,474.76,low
cam08__frame_00031.jpg,63,38.2,278.02,136.52,428.45,medium
cam08__frame_00031.jpg,64,3.2,380.71,47.35,505.01,high
cam08__frame_00031.jpg,65,22.13,426.96,166.98,640.0,low
cam08__frame_00031.jpg,66,133.8,364.5,200.38,544.64,medium
cam08__frame_00031.jpg,67,162.55,542.84,195.88,607.69,high
cam08__frame_00031.jpg,68,199.01,521.16,219.19,570.95,high
cam08__frame_00031.jpg,69,197.77,573.47,217.59,634.72,high
cam08__frame_00035.jpg,0,476.0,0.0,578.28,124.29,low
cam08__frame_00035.jpg,1,580.93,23.79,620.59,138.39,medium
cam08__frame_00035.jpg,2,558.01,0.87,585.33,16.74,high
cam08__frame_00035.jpg,3,582.69,0.87,640.0,33.49,high
cam08__frame_00035.jpg,4,595.8,162.6,640.0,207.58,high
cam08__frame_00035.jpg,5,461.9,113.71,573.0,257.4,low
cam08__frame_00035.jpg,6,554.36,183.1,597.79,322.88,high
cam08__frame_00035.jpg,7,578.36,204.4,640.0,318.3,high
cam08__frame_00035.jpg,8,455.75,253.0,570.3,358.78,low
cam08__frame_00035.jpg,9,415.2,104.89,446.93,163.95,high
cam08__frame_00035.jpg,10,419.6,171.89,452.22,238.01,high
cam08__frame_00035.jpg,11,357.14,33.33,391.43,98.86,medium
cam08__frame_00035.jpg,12,353.3,94.28,398.28,144.57,medium
cam08__frame_00035.jpg,13,398.28,66.09,418.09,143.81,high
cam08__frame_00035.jpg,14,352.57,152.95,388.38,235.7,medium
cam08__frame_00035.jpg,15,389.9,166.66,410.47,231.43,high
cam08__frame_00035.jpg,16,591.5,370.24,611.8,442.52,medium
cam08__frame_00035.jpg,17,580.9,447.81,609.13,505.99,low
cam08__frame_00035.jpg,18,543.0,377.29,586.21,439.88,low
cam08__frame_00035.jpg,19,530.7,423.13,582.69,541.26,low
cam08__frame_00035.jpg,20,419.6,270.62,446.93,313.82,high
cam08__frame_00035.jpg,21,405.3,312.76,442.21,418.12,high
cam08__frame_00035.jpg,22,444.29,320.87,503.35,421.37,medium
cam08__frame_00035.jpg,23,431.06,394.04,483.96,485.72,medium
cam08__frame_00035.jpg,24,377.82,598.56,436.88,640.0,medium
cam08__frame_00035.jpg,25,372.88,572.99,424.01,601.2,medium
cam08__frame_00035.jpg,26,372.88,539.49,431.06,572.99,medium
cam08__frame_00035.jpg,27,376.41,504.23,431.06,545.66,medium
cam08__frame_00035.jpg,28,376.41,431.94,432.83,508.64,low
cam08__frame_00035.jpg,29,371.12,397.56,416.96,435.47,medium
cam08__frame_00035.jpg,30,359.96,355.1,408.9,396.6,high
cam08__frame_00035.jpg,31,360.7,556.46,370.99,592.1,high
cam08__frame_00035.jpg,32,360.7,520.82,370.99,556.83,high
cam08__frame_00035.jpg,33,356.9,463.68,374.9,489.24,high
cam08__frame_00035.jpg,34,355.55,419.64,375.43,461.78,high
cam08__frame_00035.jpg,35,357.76,396.27,367.31,419.78,high
cam08__frame_00035.jpg,36,357.0,489.25,374.64,520.1,high
cam08__frame_00035.jpg,37,352.57,276.38,374.66,287.04,medium
cam08__frame_00035.jpg,38,352.19,288.92,373.07,299.55,medium
cam08__frame_00035.jpg,39,351.35,303.6,372.3,315.05,medium
cam08__frame_00035.jpg,40,350.7,318.4,370.71,330.23,medium
cam08__frame_00035.jpg,41,350.61,333.45,371.9,346.59,medium
cam08__frame_00035.jpg,42,352.18,349.88,371.27,361.14,low
cam08__frame_00035.jpg,43,375.81,307.9,394.74,318.42,medium
cam08__frame_00035.jpg,44,373.93,322.34,392.71,334.07,medium
cam08__frame_00035.jpg,45,374.17,337.5,402.07,356.97,high
cam08__frame_00035.jpg,46,0.0,50.69,100.57,281.13,low
cam08__frame_00035.jpg,47,178.06,69.7,202.1,118.11,high
cam08__frame_00035.jpg,48,155.54,116.98,205.87,137.63,high
cam08__frame_00035.jpg,49,190.45,136.87,206.03,202.21,high
cam08__frame_00035.jpg,50,146.7,141.9,194.97,214.27,medium
cam08__frame_00035.jpg,51,217.8,171.6,234.42,199.29,high
cam08__frame_00035.jpg,52,95.9,171.7,180.56,277.12,medium
cam08__frame_00035.jpg,53,200.0,228.34,228.6,252.97,high
cam08__frame_00035.jpg,54,197.99,252.47,229.15,273.58,high
cam08__frame_00035.jpg,55,137.33,278.03,180.57,347.38,high
cam08__frame_00035.jpg,56,191.1,286.79,217.23,375.25,high
cam08__frame_00035.jpg,57,216.58,284.63,228.64,304.23,high
cam08__frame_00035.jpg,58,216.58,304.74,226.63,327.86,high
cam08__frame_00035.jpg,59,218.09,325.34,227.14,343.44,high
cam08__frame_00035.jpg,60,198.1,377.26,224.27,414.96,low
cam08__frame_00035.jpg,61,203.16,413.45,222.76,444.61,high
cam08__frame_00035.jpg,62,204.2,442.6,225.28,474.76,low
cam08__frame_00035.jpg,63,38.2,278.02,136.52,428.45,medium
cam08__frame_00035.jpg,64,3.2,380.71,47.35,505.01,high
cam08__frame_00035.jpg,65,22.13,426.96,166.98,640.0,low
cam08__frame_00035.jpg,66,133.8,364.5,200.38,544.64,medium
cam08__frame_00035.jpg,67,162.55,542.84,195.88,607.69,high
cam08__frame_00035.jpg,68,199.01,521.16,219.19,570.95,high
cam08__frame_00035.jpg,69,197.77,573.47,217.59,634.72,high
cam08__frame_00038.jpg,0,476.0,0.0,578.28,124.29,low
cam08__frame_00038.jpg,1,580.93,23.79,620.59,138.39,medium
cam08__frame_00038.jpg,2,558.01,0.87,585.33,16.74,high
cam08__frame_00038.jpg,3,582.69,0.87,640.0,33.49,high
cam08__frame_00038.jpg,4,595.8,162.6,640.0,207.58,high
cam08__frame_00038.jpg,5,461.9,113.71,573.0,257.4,low
cam08__frame_00038.jpg,6,554.36,183.1,597.79,322.88,high
cam08__frame_00038.jpg,7,578.36,204.4,640.0,318.3,high
cam08__frame_00038.jpg,8,455.75,253.0,570.3,358.78,low
cam08__frame_00038.jpg,9,415.2,104.89,446.93,163.95,high
cam08__frame_00038.jpg,10,419.6,171.89,452.22,238.01,high
cam08__frame_00038.jpg,11,357.14,33.33,391.43,98.86,medium
cam08__frame_00038.jpg,12,353.3,94.28,398.28,144.57,medium
cam08__frame_00038.jpg,13,398.28,66.09,418.09,143.81,high
cam08__frame_00038.jpg,14,352.57,152.95,388.38,233.9,medium
cam08__frame_00038.jpg,15,389.9,166.66,410.47,231.43,high
cam08__frame_00038.jpg,16,591.5,370.24,611.8,442.52,medium
cam08__frame_00038.jpg,17,580.9,447.81,609.13,505.99,low
cam08__frame_00038.jpg,18,543.0,377.29,586.21,439.88,low
cam08__frame_00038.jpg,19,530.7,423.13,582.69,541.26,low
cam08__frame_00038.jpg,20,419.6,270.62,446.93,313.82,high
cam08__frame_00038.jpg,21,405.3,312.76,442.21,418.12,high
cam08__frame_00038.jpg,22,444.29,320.87,503.35,421.37,medium
cam08__frame_00038.jpg,23,431.06,394.04,483.96,485.72,medium
cam08__frame_00038.jpg,24,377.82,598.56,436.88,640.0,medium
cam08__frame_00038.jpg,25,372.88,572.99,424.01,601.2,medium
cam08__frame_00038.jpg,26,372.88,539.49,431.06,572.99,medium
cam08__frame_00038.jpg,27,376.41,504.23,431.06,545.66,medium
cam08__frame_00038.jpg,28,376.41,431.94,432.83,508.64,low
cam08__frame_00038.jpg,29,371.12,397.56,416.96,435.47,medium
cam08__frame_00038.jpg,30,359.96,355.1,408.9,396.6,high
cam08__frame_00038.jpg,31,360.7,556.46,370.99,592.1,high
cam08__frame_00038.jpg,32,360.7,520.82,370.99,556.83,high
cam08__frame_00038.jpg,33,356.9,463.68,374.9,489.24,high
cam08__frame_00038.jpg,34,355.55,419.64,375.43,461.78,high
cam08__frame_00038.jpg,35,357.76,396.27,367.31,419.78,high
cam08__frame_00038.jpg,36,357.0,489.25,374.64,520.1,high
cam08__frame_00038.jpg,37,352.57,276.38,374.66,287.04,medium
cam08__frame_00038.jpg,38,352.19,288.92,373.07,299.55,medium
cam08__frame_00038.jpg,39,351.35,303.6,372.3,315.05,medium
cam08__frame_00038.jpg,40,350.7,318.4,370.71,330.23,medium
cam08__frame_00038.jpg,41,350.61,333.45,371.9,346.59,medium
cam08__frame_00038.jpg,42,352.18,349.88,371.27,361.14,low
cam08__frame_00038.jpg,43,375.81,307.9,394.74,318.42,medium
cam08__frame_00038.jpg,44,373.93,322.34,392.71,334.07,medium
cam08__frame_00038.jpg,45,374.17,337.5,402.07,356.97,high
cam08__frame_00038.jpg,46,0.0,50.69,100.57,281.13,low
cam08__frame_00038.jpg,47,178.06,69.7,202.1,118.11,high
cam08__frame_00038.jpg,48,155.54,116.98,205.87,137.63,high
cam08__frame_00038.jpg,49,190.45,136.87,206.03,202.21,high
cam08__frame_00038.jpg,50,146.7,141.9,194.97,214.27,medium
cam08__frame_00038.jpg,51,217.8,171.6,234.42,199.29,high
cam08__frame_00038.jpg,52,95.9,171.7,180.56,277.12,medium
cam08__frame_00038.jpg,53,200.0,228.34,228.6,252.97,high
cam08__frame_00038.jpg,54,197.99,252.47,229.15,273.58,high
cam08__frame_00038.jpg,55,137.33,278.03,180.57,347.38,high
cam08__frame_00038.jpg,56,191.1,286.79,217.23,375.25,high
cam08__frame_00038.jpg,57,216.58,284.63,228.64,304.23,high
cam08__frame_00038.jpg,58,216.58,304.74,226.63,327.86,high
cam08__frame_00038.jpg,59,218.09,325.34,227.14,343.44,high
cam08__frame_00038.jpg,60,198.1,377.26,224.27,414.96,low
cam08__frame_00038.jpg,61,203.16,413.45,222.76,444.61,high
cam08__frame_00038.jpg,62,204.2,442.6,225.28,474.76,low
cam08__frame_00038.jpg,63,38.2,278.02,136.52,428.45,medium
cam08__frame_00038.jpg,64,3.2,380.71,47.35,505.01,high
cam08__frame_00038.jpg,65,22.13,426.96,166.98,640.0,low
cam08__frame_00038.jpg,66,133.8,364.5,200.38,544.64,medium
cam08__frame_00038.jpg,67,162.55,542.84,195.88,607.69,high
cam08__frame_00038.jpg,68,199.01,521.16,219.19,570.95,high
cam08__frame_00038.jpg,69,197.77,573.47,217.59,634.72,high
cam08__frame_00042.jpg,0,476.0,0.0,578.28,124.29,low
cam08__frame_00042.jpg,1,580.93,23.79,620.59,138.39,medium
cam08__frame_00042.jpg,2,558.01,0.87,585.33,16.74,high
cam08__frame_00042.jpg,3,582.69,0.87,640.0,33.49,high
cam08__frame_00042.jpg,4,595.8,162.6,640.0,207.58,high
cam08__frame_00042.jpg,5,461.9,113.71,573.0,257.4,low
cam08__frame_00042.jpg,6,554.36,183.1,597.79,322.88,high
cam08__frame_00042.jpg,7,578.36,204.4,640.0,318.3,high
cam08__frame_00042.jpg,8,455.75,253.0,570.3,358.78,low
cam08__frame_00042.jpg,9,415.2,104.89,446.93,163.95,high
cam08__frame_00042.jpg,10,419.6,171.89,452.22,238.01,high
cam08__frame_00042.jpg,11,357.14,33.33,391.43,98.86,medium
cam08__frame_00042.jpg,12,353.3,94.28,398.28,144.57,medium
cam08__frame_00042.jpg,13,398.28,66.09,418.09,143.81,high
cam08__frame_00042.jpg,14,352.57,152.95,388.38,236.5,medium
cam08__frame_00042.jpg,15,389.9,166.66,410.47,231.43,high
cam08__frame_00042.jpg,16,591.5,370.24,611.8,442.52,medium
cam08__frame_00042.jpg,17,580.9,447.81,609.13,505.99,low
cam08__frame_00042.jpg,18,543.0,377.29,586.21,439.88,low
cam08__frame_00042.jpg,19,530.7,423.13,582.69,541.26,low
cam08__frame_00042.jpg,20,419.6,270.62,446.93,313.82,high
cam08__frame_00042.jpg,21,405.3,312.76,442.21,418.12,high
cam08__frame_00042.jpg,22,444.29,320.87,503.35,421.37,medium
cam08__frame_00042.jpg,23,431.06,394.04,483.96,485.72,medium
cam08__frame_00042.jpg,24,377.82,598.56,436.88,640.0,medium
cam08__frame_00042.jpg,25,372.88,572.99,424.01,601.2,medium
cam08__frame_00042.jpg,26,372.88,539.49,431.06,572.99,medium
cam08__frame_00042.jpg,27,376.41,504.23,431.06,545.66,medium
cam08__frame_00042.jpg,28,376.41,431.94,432.83,508.64,low
cam08__frame_00042.jpg,29,371.12,397.56,416.96,435.47,medium
cam08__frame_00042.jpg,30,359.96,355.1,408.9,396.6,high
cam08__frame_00042.jpg,31,360.7,556.46,370.99,592.1,high
cam08__frame_00042.jpg,32,360.7,520.82,370.99,556.83,high
cam08__frame_00042.jpg,33,356.9,463.68,374.9,489.24,high
cam08__frame_00042.jpg,34,355.55,419.64,375.43,461.78,medium
cam08__frame_00042.jpg,35,357.76,396.27,367.31,419.78,high
cam08__frame_00042.jpg,36,357.0,489.25,374.64,520.1,high
cam08__frame_00042.jpg,37,352.57,276.38,374.66,287.04,medium
cam08__frame_00042.jpg,38,352.19,288.92,373.07,299.55,medium
cam08__frame_00042.jpg,39,351.35,303.6,372.3,315.05,medium
cam08__frame_00042.jpg,40,350.7,318.4,370.71,330.23,medium
cam08__frame_00042.jpg,41,350.61,333.45,371.9,346.59,medium
cam08__frame_00042.jpg,42,352.18,349.88,371.27,361.14,low
cam08__frame_00042.jpg,43,375.81,307.9,394.74,318.42,medium
cam08__frame_00042.jpg,44,373.93,322.34,392.71,334.07,medium
cam08__frame_00042.jpg,45,374.17,337.5,402.07,356.97,high
cam08__frame_00042.jpg,46,0.0,50.69,100.57,281.13,low
cam08__frame_00042.jpg,47,178.06,69.7,202.1,118.11,high
cam08__frame_00042.jpg,48,155.54,116.98,205.87,137.63,high
cam08__frame_00042.jpg,49,190.45,136.87,206.03,202.21,high
cam08__frame_00042.jpg,50,146.7,141.9,194.97,214.27,medium
cam08__frame_00042.jpg,51,217.8,171.6,234.42,199.29,high
cam08__frame_00042.jpg,52,95.9,171.7,180.56,277.12,medium
cam08__frame_00042.jpg,53,200.0,228.34,228.6,252.97,high
cam08__frame_00042.jpg,54,197.99,252.47,229.15,273.58,high
cam08__frame_00042.jpg,55,137.33,278.03,180.57,347.38,high
cam08__frame_00042.jpg,56,191.1,286.79,217.23,375.25,high
cam08__frame_00042.jpg,57,216.58,284.63,228.64,304.23,high
cam08__frame_00042.jpg,58,216.58,304.74,226.63,327.86,high
cam08__frame_00042.jpg,59,218.09,325.34,227.14,343.44,high
cam08__frame_00042.jpg,60,198.1,377.26,224.27,414.96,low
cam08__frame_00042.jpg,61,203.16,413.45,222.76,444.61,high
cam08__frame_00042.jpg,62,204.2,442.6,225.28,474.76,low
cam08__frame_00042.jpg,63,38.2,278.02,136.52,428.45,medium
cam08__frame_00042.jpg,64,3.2,380.71,47.35,505.01,high
cam08__frame_00042.jpg,65,22.13,426.96,166.98,640.0,low
cam08__frame_00042.jpg,66,133.8,364.5,200.38,544.64,medium
cam08__frame_00042.jpg,67,162.55,542.84,195.88,607.69,high
cam08__frame_00042.jpg,68,199.01,521.16,219.19,570.95,high
cam08__frame_00042.jpg,69,197.77,573.47,217.59,634.72,high
cam08__frame_00044.jpg,0,476.0,0.0,578.28,124.29,low
cam08__frame_00044.jpg,1,580.93,23.79,620.59,138.39,medium
cam08__frame_00044.jpg,2,558.01,0.87,585.33,16.74,high
cam08__frame_00044.jpg,3,582.69,0.87,640.0,33.49,high
cam08__frame_00044.jpg,4,595.8,162.6,640.0,207.58,high
cam08__frame_00044.jpg,5,461.9,113.71,573.0,257.4,low
cam08__frame_00044.jpg,6,554.36,183.1,597.79,322.88,high
cam08__frame_00044.jpg,7,578.36,204.4,640.0,318.3,high
cam08__frame_00044.jpg,8,455.75,253.0,570.3,358.78,low
cam08__frame_00044.jpg,9,415.2,104.89,446.93,163.95,high
cam08__frame_00044.jpg,10,419.6,171.89,452.22,238.01,high
cam08__frame_00044.jpg,11,357.14,33.33,391.43,98.86,medium
cam08__frame_00044.jpg,12,353.3,94.28,398.28,144.57,medium
cam08__frame_00044.jpg,13,398.28,66.09,418.09,143.81,high
cam08__frame_00044.jpg,14,352.57,152.95,388.38,238.3,medium
cam08__frame_00044.jpg,15,389.9,166.66,410.47,231.43,high
cam08__frame_00044.jpg,16,591.5,370.24,611.8,442.52,medium
cam08__frame_00044.jpg,17,580.9,447.81,609.13,505.99,low
cam08__frame_00044.jpg,18,543.0,377.29,586.21,439.88,low
cam08__frame_00044.jpg,19,530.7,423.13,582.69,541.26,low
cam08__frame_00044.jpg,20,419.6,270.62,446.93,313.82,high
cam08__frame_00044.jpg,21,405.3,312.76,442.21,418.12,high
cam08__frame_00044.jpg,22,444.29,320.87,503.35,421.37,medium
cam08__frame_00044.jpg,23,431.06,394.04,483.96,485.72,medium
cam08__frame_00044.jpg,24,377.82,598.56,436.88,640.0,medium
cam08__frame_00044.jpg,25,372.88,572.99,424.01,601.2,medium
cam08__frame_00044.jpg,26,372.88,539.49,431.06,572.99,medium
cam08__frame_00044.jpg,27,376.41,504.23,431.06,545.66,medium
cam08__frame_00044.jpg,28,376.41,431.94,432.83,508.64,low
cam08__frame_00044.jpg,29,371.12,397.56,416.96,435.47,medium
cam08__frame_00044.jpg,30,359.96,355.1,408.9,396.6,high
cam08__frame_00044.jpg,31,360.7,556.46,370.99,592.1,high
cam08__frame_00044.jpg,32,360.7,520.82,370.99,556.83,high
cam08__frame_00044.jpg,33,356.9,463.68,374.9,489.24,high
cam08__frame_00044.jpg,34,355.55,419.64,375.43,461.78,high
cam08__frame_00044.jpg,35,357.76,396.27,367.31,419.78,high
cam08__frame_00044.jpg,36,357.0,489.25,374.64,520.1,high
cam08__frame_00044.jpg,37,352.57,276.38,374.66,287.04,medium
cam08__frame_00044.jpg,38,352.19,288.92,373.07,299.55,medium
cam08__frame_00044.jpg,39,351.35,303.6,372.3,315.05,medium
cam08__frame_00044.jpg,40,350.7,318.4,370.71,330.23,medium
cam08__frame_00044.jpg,41,350.61,333.45,371.9,346.59,medium
cam08__frame_00044.jpg,42,352.18,349.88,371.27,361.14,low
cam08__frame_00044.jpg,43,375.81,307.9,394.74,318.42,medium
cam08__frame_00044.jpg,44,373.93,322.34,392.71,334.07,medium
cam08__frame_00044.jpg,45,374.17,337.5,402.07,356.97,high
cam08__frame_00044.jpg,46,0.0,50.69,100.57,281.13,low
cam08__frame_00044.jpg,47,178.06,69.7,202.1,118.11,high
cam08__frame_00044.jpg,48,155.54,116.98,205.87,137.63,high
cam08__frame_00044.jpg,49,190.45,136.87,206.03,202.21,high
cam08__frame_00044.jpg,50,146.7,141.9,194.97,214.27,medium
cam08__frame_00044.jpg,51,217.8,171.6,234.42,199.29,high
cam08__frame_00044.jpg,52,95.9,171.7,180.56,277.12,medium
cam08__frame_00044.jpg,53,200.0,228.34,228.6,252.97,high
cam08__frame_00044.jpg,54,197.99,252.47,229.15,273.58,high
cam08__frame_00044.jpg,55,137.33,278.03,180.57,347.38,high
cam08__frame_00044.jpg,56,191.1,286.79,217.23,375.25,high
cam08__frame_00044.jpg,57,216.58,284.63,228.64,304.23,high
cam08__frame_00044.jpg,58,216.58,304.74,226.63,327.86,high
cam08__frame_00044.jpg,59,218.09,325.34,227.14,343.44,high
cam08__frame_00044.jpg,60,198.1,377.26,224.27,414.96,low
cam08__frame_00044.jpg,61,203.16,413.45,222.76,444.61,high
cam08__frame_00044.jpg,62,204.2,442.6,225.28,474.76,low
cam08__frame_00044.jpg,63,38.2,278.02,136.52,428.45,medium
cam08__frame_00044.jpg,64,3.2,380.71,47.35,505.01,high
cam08__frame_00044.jpg,65,22.13,426.96,166.98,640.0,low
cam08__frame_00044.jpg,66,133.8,364.5,200.38,544.64,medium
cam08__frame_00044.jpg,67,162.55,542.84,195.88,607.69,high
cam08__frame_00044.jpg,68,199.01,521.16,219.19,570.95,high
cam08__frame_00044.jpg,69,197.77,573.47,217.59,634.72,high
